{
  "logistic_regression": {
    "0": {
      "precision": 0.9907216494845361,
      "recall": 0.994824016563147,
      "f1-score": 0.9927685950413223,
      "support": 966.0
    },
    "1": {
      "precision": 0.9655172413793104,
      "recall": 0.9395973154362416,
      "f1-score": 0.9523809523809523,
      "support": 149.0
    },
    "accuracy": 0.9874439461883409,
    "macro avg": {
      "precision": 0.9781194454319233,
      "recall": 0.9672106659996943,
      "f1-score": 0.9725747737111373,
      "support": 1115.0
    },
    "weighted avg": {
      "precision": 0.9873535267870666,
      "recall": 0.9874439461883409,
      "f1-score": 0.9873715019862594,
      "support": 1115.0
    }
  },
  "svm_linear": {
    "0": {
      "precision": 0.9917780061664954,
      "recall": 0.9989648033126294,
      "f1-score": 0.995358432181537,
      "support": 966.0
    },
    "1": {
      "precision": 0.9929577464788732,
      "recall": 0.9463087248322147,
      "f1-score": 0.9690721649484537,
      "support": 149.0
    },
    "accuracy": 0.9919282511210762,
    "macro avg": {
      "precision": 0.9923678763226843,
      "recall": 0.972636764072422,
      "f1-score": 0.9822152985649953,
      "support": 1115.0
    },
    "weighted avg": {
      "precision": 0.9919356575624992,
      "recall": 0.9919282511210762,
      "f1-score": 0.9918457381746048,
      "support": 1115.0
    }
  }
}